TORRE;HOST;SERVICIO;USUARIO;DIA;MES;ANIO
Security;ROUTERA;PerdidaDePaquetes;1608;12;10;2022
Network;DATACENTER;MantProgramado;1608;2;8;2022
Network;UPSB;UpsSinConexion;1608;15;11;2022
Security;SWITCHA;FallaConectividad;2587;14;2;2022
Wintel;CLOUDB;DiscoSinEspacio;2587;6;9;2022
Security;ROUTERA;UsuarioDesconocido;2587;12;12;2022
Unix;VIRTUAL;ServerSinRespuesta;3698;25;1;2023
Wintel;CLOUDB;SoReinicio;3698;7;11;2022
Unix;VIRTUAL;UsuarioBloqueado;1254;9;7;2022
Security;ROUTERA;PerdidaDePaquetes;1257;10;7;2022
Unix;CLOUDA;ServerSinRespuesta;1257;11;1;2022
Unix;VIRTUAL;SoReinicio;1257;25;11;2022
Wintel;CLOUDB;UsuarioBloqueado;3104;9;9;2022
Network;UPSA;UpsSinConexion;3104;15;1;2022
Network;SWITCHB;FallaConectividad;3104;9;9;2022
Network;UPSB;PerdidaDePaquetes;3104;5;11;2022
Security;SWITCHA;EscaneoDePuertos;1608;3;11;2022
